Symbol,Company_name,Price,Change_abs,Change_rel,Volume,Avg_vol_3M,Market_cap,PE_ratio_TTM,Wk_change_rel
NVDA,NVIDIA Corporation,107.27,1.94,0.0178,475692000.000,373606000.000,2639000000000.000,62.73,1.3619
INTC,Intel Corporation,21.48,7.57,0.2606,296704000.000,52010000.00,91848000000.000,89.50,-0.3903
AMZN,"Amazon.com, Inc.",167.9,16.17,0.0878,137413000.000,41891000.000,1762000000000.000,39.98,0.1806
SNAP,Snap Inc.,9.36,3.45,0.2693,105179000.000,21867000.000,15533000000.000,0,-0.1145
F,Ford Motor Company,10.03,0.66,0.0617,109540000.00,54559000.000,39872000000.000,10.45,-0.2249
AAPL,Apple Inc.,219.86,1.50,0.0069,98084000.000,65593000.000,3343000000000.000,33.46,0.2293
TSLA,"Tesla, Inc.",207.67,9.19,0.0424,81020000.00,95650000.00,663431000000.000,58.50,-0.1741
AMD,"Advanced Micro Devices, Inc.",132.5,0.04,0.0003,78333000.000,53338000.000,214449000000.000,159.64,0.1343
SOFI,"SoFi Technologies, Inc.",6.65,0.51,0.0712,62509000.000,37454000.000,7083000000.000,0,-0.2918
NU,Nu Holdings Ltd.,10.92,0.60,0.0521,60145000.000,27948000.000,52299000000.000,42.00,0.3929
BAC,Bank of America Corporation,37.58,1.92,0.0486,58896000.000,37447000.000,291605000000.000,13.19,0.1788
PLTR,Palantir Technologies Inc.,24.74,1.34,0.0514,54343000.000,45224000.000,55094000000.000,206.17,0.3752
LUMN,"Lumen Technologies, Inc.",3.07,0.2500,0.0753,50800000.0,16968000.000,3116000000.000,0,0.7644
AAL,American Airlines Group Inc.,9.63,0.51,0.0503,48028000.000,36175000.000,6324000000.000,0,-0.3977
SWN,Southwestern Energy Company,6.1,0.23,0.0363,44943000.000,17122000.000,6728000000.000,0,-0.0687
CCL,Carnival Corporation & plc,14.8,0.96,0.0609,44267000.000,30230000.00,19390000000.00,20.85,-0.1796
NIO,NIO Inc.,4.05,0.0100,0.0025,38971000.000,48004000.000,8494000000.000,0,-0.7267
T,AT&T Inc.,19.37,0.10,0.0051,45041000.000,33724000.000,138888000000.000,11.13,0.3826
PFE,Pfizer Inc.,30.43,0.22,0.0072,42185000.000,35887000.000,172434000000.000,0,-0.1471
MARA,"Marathon Digital Holdings, Inc.",17.19,0.95,0.0524,38100000.0,47651000.000,5062000000.000,19.10,0.1407
CLSK,"CleanSpark, Inc.",13.48,1.61,0.1067,37499000.000,30780000.00,3072000000.000,103.69,1.6431
VALE,Vale S.A.,10.37,0.11,0.0105,37054000.000,25261000.000,45466000000.000,4.61,-0.2523
WBD,"Warner Bros. Discovery, Inc.",8.27,0.11,0.0131,39817000.000,29133000.000,20264000000.000,0,-0.4285
BBD,Banco Bradesco S.A.,2.21,0,0,34335000.000,19072000.000,22434000000.000,11.05,-0.2894
MU,"Micron Technology, Inc.",92.7,8.81,0.0868,35856000.000,22497000.000,102789000000.000,0,0.3361
HOOD,"Robinhood Markets, Inc.",17.88,2.36,0.1166,29639000.000,18332000.000,15714000000.000,127.71,0.5767
KGC,Kinross Gold Corporation,8.75,0.40,0.0437,29062000.000,16493000.000,10754000000.000,21.88,0.793
TSM,Taiwan Semiconductor Manufacturing Company Limited,149.86,8.32,0.0526,29031000.000,16695000.000,777186000000.000,29.04,0.5554
LCID,"Lucid Group, Inc.",3.12,0.1500,0.0459,29219000.000,30800000.0,7198000000.000,0,-0.5133
GOOGL,Alphabet Inc.,166.66,4.10,0.024,28893000.000,24045000.000,2061000000000.000,23.91,0.2671
PINS,"Pinterest, Inc.",29.1,2.14,0.0685,27776000.000,9118000.000,19968000000.000,100.34,0.071
GOLD,Barrick Gold Corporation,17.91,0.33,0.0181,27321000.000,19767000.000,31444000000.000,21.84,0.0855
C,Citigroup Inc.,58.76,4.52,0.0714,26881000.000,12498000.000,112102000000.000,16.23,0.2821
RIG,Transocean Ltd.,5.2,0.26,0.0476,26721000.000,17617000.000,4552000000.000,0,-0.3604
VZ,Verizon Communications Inc.,40.97,0.12,0.0029,26064000.000,17480000.00,172464000000.000,15.40,0.2595
AGNC,AGNC Investment Corp.,10.06,0.02,0.002,26022000.000,13220000.00,7707000000.000,10.59,0.009
AVGO,Broadcom Inc.,143.82,3.20,0.0218,32737000.000,36663000.000,669465000000.000,61.99,0.6032
RIVN,"Rivian Automotive, Inc.",14.72,0.52,0.0341,26883000.000,44806000.000,14651000000.000,0,-0.3937
RIOT,"Riot Platforms, Inc.",8.57,0.75,0.0805,24844000.000,22355000.000,2601000000.000,15.30,-0.4749
NCLH,Norwegian Cruise Line Holdings Ltd.,15.93,1.42,0.0818,24551000.000,13481000.000,7004000000.000,16.42,-0.138
WFC,Wells Fargo & Company,53.26,3.62,0.0636,23836000.000,17102000.000,181285000000.000,10.91,0.182
UBER,"Uber Technologies, Inc.",58.99,2.03,0.0333,23624000.000,17781000.000,123261000000.000,93.63,0.3123
ERIC,Telefonaktiebolaget LM Ericsson (publ),6.74,0.04,0.0059,23441000.000,15963000.000,22458000000.000,0,0.34
PYPL,"PayPal Holdings, Inc.",61.98,3.33,0.051,22926000.000,12137000.000,63364000000.000,15.04,-0.0379
MSFT,Microsoft Corporation,408.49,8.62,0.0207,29311000.000,19316000.000,3036000000000.000,34.59,0.2374
DKNG,DraftKings Inc.,32.02,3.47,0.0978,23007000.000,9796000.000,15547000000.000,0,0.0123
CSCO,"Cisco Systems, Inc.",46.66,0.73,0.0154,21750000.00,20111000.000,187984000000.000,15.76,-0.1198
ET,Energy Transfer LP,15.95,0.24,0.0148,20873000.000,13751000.000,53774000000.000,14.63,0.2326
GRAB,Grab Holdings Limited,3.24,0,0,20615000.000,19080000.00,12808000000.000,0,-0.0975
META,"Meta Platforms, Inc.",488.14,9.60,0.0193,23199000.000,13685000.000,1235000000000.000,24.94,0.542
MRVL,"Marvell Technology, Inc.",59.25,3.81,0.0604,20099000.000,11053000.000,51287000000.000,0,-0.0677
CMCSA,Comcast Corporation,39.9,0.36,0.0089,25861000.000,20387000.000,154513000000.000,10.61,-0.1221
ITUB,Itaú Unibanco Holding S.A.,5.76,0.06,0.0098,19738000.000,16949000.000,53568000000.000,9.14,0.0249
DNB,"Dun & Bradstreet Holdings, Inc.",11.82,1.53,0.1487,19700000.0,3930000.00,5222000000.000,0,0.0225
UMC,United Microelectronics Corporation,7.88,0.20,0.0248,19674000.000,10466000.000,20239000000.000,11.76,0.0765
BTG,B2Gold Corp.,2.85,0.1000,0.0339,19814000.000,10545000.000,3741000000.000,0,-0.0924
ALTM,Arcadium Lithium plc,2.86,0.1800,0.0592,19545000.000,9886000.000,3075000000.000,6.50,-0.6973
WMT,Walmart Inc.,68.46,1.33,0.0191,19745000.000,15674000.000,550661000000.000,29.38,0.2797
KEY,KeyCorp,14.45,0.77,0.0506,19278000.000,13172000.000,13629000000.000,19.01,0.1992
NOK,Nokia Oyj,3.85,0.1000,0.0253,19098000.000,13050000.00,21086000000.000,21.39,-0.0128
ABEV,Ambev S.A.,2.07,0.0200,0.0098,19028000.000,19435000.000,32622000000.000,12.94,-0.3007
KO,The Coca-Cola Company,69.33,1.37,0.0202,18522000.000,11586000.000,298803000000.000,28.18,0.133
HBAN,Huntington Bancshares Incorporated,13.75,0.62,0.0431,18310000.00,17535000.000,19971000000.000,12.97,0.1206
GM,General Motors Company,41.17,2.20,0.0507,21593000.000,14346000.000,46272000000.000,4.63,0.11
PBR,Petróleo Brasileiro S.A. - Petrobras,13.59,0.38,0.0272,17995000.000,17001000.000,87901000000.000,3.95,0.0089
BTE,Baytex Energy Corp.,3.23,0.2900,0.0824,17699000.000,9930000.00,2600000000.0,0,-0.2064
SHOP,Shopify Inc.,54.43,3.74,0.0643,17705000.000,11034000.000,70128000000.000,0,-0.0545
XOM,Exxon Mobil Corporation,116.88,0.07,0.0006,17421000.000,16059000.000,519298000000.000,13.98,0.0903
AUR,"Aurora Innovation, Inc.",3.84,0.2300,0.0565,22691000.000,11192000.000,6472000000.000,0,0.2549
SQ,"Block, Inc.",60.38,0.48,0.008,17108000.000,7228000.000,37173000000.000,55.91,-0.0567
MRK,"Merck & Co., Inc.",115.2,1.38,0.0121,16557000.000,9279000.000,291780000000.00,21.33,0.0859
PR,Permian Resources Corporation,13.82,0.99,0.0668,16494000.000,11586000.000,11904000000.000,11.71,0.1431
SIRI,Sirius XM Holdings Inc.,3.12,0.1100,0.0341,16333000.000,40820000.00,12013000000.000,9.45,-0.3514
LYFT,"Lyft, Inc.",10.92,0.50,0.0438,16272000.000,13984000.000,4406000000.000,0,-0.0046
QCOM,QUALCOMM Incorporated,159.31,4.69,0.0286,16590000.00,10366000.000,177471000000.000,20.35,0.3349
BCS,Barclays PLC,10.73,0.58,0.0513,16034000.000,10945000.000,42167000000.000,8.13,0.381
VRT,Vertiv Holdings Co,69.46,4.54,0.0614,16519000.000,9518000.000,26058000000.000,54.27,0.9446
TAL,TAL Education Group,8.47,0.61,0.0672,15858000.000,5883000.000,5118000000.000,105.88,0.1715
KMI,"Kinder Morgan, Inc.",20.68,0.39,0.0185,16099000.000,14224000.000,45898000000.000,18.97,0.1899
OWL,Blue Owl Capital Inc.,16.26,0.92,0.0536,15573000.000,6746000.000,23796000000.000,95.65,0.323
BMY,Bristol-Myers Squibb Company,48.77,0.60,0.0125,15542000.000,16039000.000,98876000000.000,0,-0.1935
FCX,Freeport-McMoRan Inc.,41.97,1.66,0.038,15464000.000,12767000.000,60289000000.000,31.32,-0.0076
PCOR,"Procore Technologies, Inc.",56.78,10.44,0.1553,15373000.000,1663000.000,8308000000.000,0,-0.1227
GOOG,Alphabet Inc.,168.4,4.05,0.0235,18674000.000,17242000.000,2061000000000.000,24.16,0.2763
MCHP,Microchip Technology Incorporated,75.43,8.94,0.106,17443000.000,6417000.000,40469000000.000,30.05,-0.1106
CERE,"Cerevel Therapeutics Holdings, Inc.",44.96,0,0,15034000.000,2050000.00,8191000000.000,0,1.1878
HL,Hecla Mining Company,4.94,0.3900,0.0732,15053000.000,8955000.000,3094000000.000,0,-0.0426
OXY,Occidental Petroleum Corporation,57.67,1.71,0.0288,14823000.000,7060000.00,52837000000.000,16.67,-0.0975
KVUE,Kenvue Inc.,18.82,0.19,0.0102,14553000.000,22211000.000,36037000000.000,24.13,-0.2005
CX,"CEMEX, S.A.B. de C.V.",6.04,0.21,0.0336,14442000.000,8302000.000,9151000000.000,46.46,-0.2325
JPM,JPMorgan Chase & Co.,199.14,8.82,0.0424,17962000.000,9263000.000,566585000000.000,11.10,0.2703
ARM,Arm Holdings plc,113.45,8.06,0.0663,14536000.000,11336000.000,118896000000.000,276.71,0.7841
LYG,Lloyds Banking Group plc,2.85,0.0300,0.0104,14151000.000,9378000.000,44890000000.00,7.92,0.3073
CNP,"CenterPoint Energy, Inc.",27.07,1.08,0.0384,13866000.000,5823000.000,17378000000.000,16.71,-0.0666
RCM,R1 RCM Inc.,14.05,0.08,0.0057,13821000.000,3928000.000,5930000000.00,0,-0.1916
AMCR,Amcor plc,10.52,0.02,0.0019,13275000.000,9620000.00,15205000000.000,23.38,0.0616
GERN,Geron Corporation,4.57,0.2100,0.0439,13976000.000,11472000.000,2711000000.000,0,0.5651
KHC,The Kraft Heinz Company,36.06,0.66,0.0186,15874000.000,7964000.000,43599000000.000,23.12,0.0303
CMG,"Chipotle Mexican Grill, Inc.",52.57,0.89,0.0166,13005000.000,17624000.000,71994000000.000,52.05,0.3907
IAG,IAMGOLD Corporation,3.86,0.2200,0.0539,12874000.000,9442000.000,2198000000.000,13.79,0.5885
HST,"Host Hotels & Resorts, Inc.",16.2,0.55,0.0328,15629000.000,6647000.000,23160000000.00,15.28,-0.0351
WBA,"Walgreens Boots Alliance, Inc.",11.48,0.33,0.0279,14258000.000,18826000.000,9910000000.00,0,-0.6158
GT,The Goodyear Tire & Rubber Company,9.25,0.59,0.06,12723000.000,3443000.000,2633000000.000,0,-0.2606
DASH,"DoorDash, Inc.",117.23,9.03,0.0835,12661000.000,4274000.000,48245000000.000,0,0.3896
HPE,Hewlett Packard Enterprise Company,18.03,1.05,0.055,12641000.000,16750000.00,23433000000.000,13.16,0.0274
MPW,"Medical Properties Trust, Inc.",4.71,0.0800,0.0173,12609000.000,15591000.000,2826000000.000,0,-0.5337
ASX,"ASE Technology Holding Co., Ltd.",8.93,0.59,0.062,12441000.000,6587000.000,19299000000.000,18.22,0.1463
SBUX,Starbucks Corporation,75.88,0.77,0.0103,15101000.000,12807000.000,85987000000.000,21.25,-0.2542
WDC,Western Digital Corporation,57.23,3.30,0.0545,12928000.000,5872000.000,18687000000.000,0,0.3156
MGM,MGM Resorts International,35.48,1.81,0.0485,12134000.000,3842000.000,10778000000.000,13.34,-0.2236
TEVA,Teva Pharmaceutical Industries Limited,16.99,0.55,0.0314,10809000.000,10438000.000,19776000000.000,0,0.7643
DIS,The Walt Disney Company,89.57,3.48,0.0374,12158000.000,11083000.000,163290000000.00,97.36,0.0316
RUN,Sunrun Inc.,16.72,0.78,0.0446,11979000.000,13013000.000,3706000000.000,0,-0.0473
APH,Amphenol Corporation,59.13,2.99,0.0481,11961000.000,7630000.00,71210000000.00,35.41,0.3306
NEE,"NextEra Energy, Inc.",79.2,0.81,0.0103,12161000.000,11448000.000,162784000000.000,25.80,0.1538
PATH,UiPath Inc.,11.41,0.39,0.0331,11835000.000,11740000.00,6535000000.000,0,-0.2952
STLA,Stellantis N.V.,16.13,0.19,0.0116,11835000.000,6862000.000,48361000000.000,3.42,-0.1762
DELL,Dell Technologies Inc.,102.29,6.14,0.0566,11796000.000,14309000.000,72351000000.000,20.92,0.8745
U,Unity Software Inc.,15.32,0.03,0.002,12764000.000,9395000.000,5988000000.000,0,-0.6165
CVX,Chevron Corporation,148.55,4.07,0.0267,11599000.000,6995000.000,269618000000.000,14.71,-0.0709
CTRA,Coterra Energy Inc.,24.11,1.29,0.0508,11758000.000,5999000.000,17943000000.000,13.94,-0.1327
UAA,"Under Armour, Inc.",6.5,0.30,0.0441,11459000.000,10697000.000,2797000000.000,12.50,-0.158
HIMS,"Hims & Hers Health, Inc.",17.58,0.93,0.0502,11327000.000,11664000.000,3776000000.000,0,1.2253
RKT,"Rocket Companies, Inc.",17.25,1.89,0.123,11318000.000,2770000.00,34281000000.000,9.57,0.4896
VFC,V.F. Corporation,16.06,0.48,0.029,11212000.000,8197000.000,6248000000.000,0,-0.1574
MBLY,Mobileye Global Inc.,15.96,0.32,0.0197,11209000.000,4220000.00,12870000000.00,0,-0.5888
PPL,PPL Corporation,30.64,0.33,0.0109,11074000.000,4725000.000,22605000000.000,27.12,0.1735
LUV,Southwest Airlines Co.,25.05,1.31,0.0497,11011000.000,10161000.000,15009000000.000,192.69,-0.2402
INFY,Infosys Limited,21.77,0.53,0.0238,10882000.000,10309000.000,90169000000.000,28.27,0.2974
AES,The AES Corporation,17.13,0.78,0.0436,10660000.00,8020000.00,12178000000.000,16.31,-0.1305
TFC,Truist Financial Corporation,42.12,1.23,0.0284,10628000.000,7188000.000,56366000000.000,0,0.292
BA,The Boeing Company,169.95,8.36,0.0469,10598000.000,6257000.000,104718000000.000,0,-0.2867
TME,Tencent Music Entertainment Group,12.62,0.67,0.0504,10505000.000,7655000.000,22163000000.000,27.43,1.0224
CDE,"Coeur Mining, Inc.",5.5,0.50,0.0833,10378000.000,6719000.000,2196000000.000,0,1.0295
DVN,Devon Energy Corporation,42.79,2.27,0.0504,12240000.00,6264000.000,26854000000.000,8.15,-0.1578
VLY,Valley National Bancorp,7.75,0.19,0.0239,10351000.000,5663000.000,3946000000.000,10.92,-0.2424
SLB,Schlumberger Limited,44.93,1.73,0.0371,10411000.000,10796000.000,63793000000.000,14.68,-0.2249
CSX,CSX Corporation,34.08,0.69,0.0198,12229000.000,11064000.000,66624000000.000,18.62,0.0724
CLF,Cleveland-Cliffs Inc.,13.95,0.69,0.0471,10152000.000,8957000.000,6529000000.000,155.00,-0.1426
AVTR,"Avantor, Inc.",25.6,0.90,0.034,10029000.000,8957000.000,17404000000.000,49.23,0.2331
BABA,Alibaba Group Holding Limited,77.45,0.53,0.0068,10038000.000,15075000.000,184022000000.000,17.89,-0.1979
AMAT,"Applied Materials, Inc.",181.81,14.49,0.0738,12109000.000,5739000.000,150534000000.000,20.87,0.209
NKE,"NIKE, Inc.",74.01,0.16,0.0022,10023000.000,14457000.000,110968000000.000,19.84,-0.3301
LTMAY,LATAM Airlines Group S.A.,24.5,0,0,9862000.000,289829,7404000000.000,0,-0.9831
CCJ,Cameco Corporation,38.03,2.99,0.0729,9839000.000,3429000.000,16550000000.00,88.44,0.1208
ABT,Abbott Laboratories,111.31,1.16,0.0105,9773000.000,6730000.00,193668000000.000,35.11,0.0264
BP,BP p.l.c.,34.08,0.68,0.0196,9870000.00,7364000.000,96112000000.000,13.21,-0.0799
MO,"Altria Group, Inc.",51.07,1.05,0.021,9687000.000,9208000.000,87137000000.000,8.81,0.1575
HAL,Halliburton Company,31.82,1.42,0.0427,9667000.000,8288000.000,28092000000.000,10.57,-0.1963
KOS,Kosmos Energy Ltd.,4.89,0.3900,0.0739,9633000.000,5718000.000,2306000000.000,10.63,-0.3329
MRNA,"Moderna, Inc.",86.58,7.59,0.0806,10312000.000,4107000.000,33281000000.000,0,-0.1445
KDP,Keurig Dr Pepper Inc.,35.07,0.51,0.0148,10898000.000,7729000.000,47558000000.000,22.48,0.037
VST,Vistra Corp.,72.43,3.61,0.0475,9360000.00,9097000.000,25167000000.000,44.44,1.5237
NET,"Cloudflare, Inc.",79.46,5.06,0.068,10310000.00,3123000.000,27152000000.000,0,0.1721
ENB,Enbridge Inc.,37.96,0.36,0.0096,9282000.000,4999000.000,80706000000.000,20.19,0.0547
ASTS,"AST SpaceMobile, Inc.",18.51,1.93,0.0944,9676000.000,13039000.000,4984000000.000,0,3.2164
JCI,Johnson Controls International plc,67.42,2.91,0.0414,9237000.000,5042000.000,45038000000.000,28.33,0.0775
MS,Morgan Stanley,95.85,5.91,0.0581,9220000.00,6410000.00,155181000000.000,15.76,0.076
UAL,"United Airlines Holdings, Inc.",40.19,2.19,0.0517,10222000.000,7205000.000,13216000000.000,4.51,-0.2513
PG,The Procter & Gamble Company,170.08,4.39,0.0265,9325000.000,6291000.000,400896000000.000,28.25,0.0839
CFLT,"Confluent, Inc.",19.285,1.34,0.0652,9128000.000,4310000.00,6224000000.000,0,-0.4407
JNJ,Johnson & Johnson,164.14,3.38,0.021,9183000.000,7218000.000,395124000000.000,24.83,-0.0518
NEM,Newmont Corporation,48.51,1.04,0.021,9105000.000,7952000.000,55662000000.000,0,0.1984
EQT,EQT Corporation,31.57,2.02,0.0601,9075000.000,7994000.000,18753000000.000,20.63,-0.251
CVE,Cenovus Energy Inc.,17.88,0.97,0.0515,9055000.000,6598000.000,33187000000.000,9.82,-0.0688
COIN,"Coinbase Global, Inc.",204.44,8.20,0.0386,9951000.000,8376000.000,50799000000.000,36.38,1.3783
NYCB,"New York Community Bancorp, Inc.",9.91,0.05,0.0051,8897000.000,6119000.000,3482000000.000,0,-0.7544
TOST,"Toast, Inc.",24.45,0.80,0.0317,8883000.000,7632000.000,13574000000.000,0,0.2003
GME,GameStop Corp.,21.07,0.64,0.0295,8879000.000,53101000.000,8980000000.00,263.38,0.00
CNH,CNH Industrial N.V.,9.9,0.18,0.0179,8857000.000,8199000.000,12412000000.000,6.43,-0.2929
QS,QuantumScape Corporation,6.05,0.04,0.0066,8747000.000,9996000.000,3062000000.000,0,-0.2419
NXE,NexGen Energy Ltd.,5.55,0.29,0.0497,8706000.000,5170000.00,3115000000.000,69.38,0.1303
BKR,Baker Hughes Company,35.74,1.91,0.0507,8691000.000,6303000.000,35755000000.000,18.14,0.0042
NXT,Nextracker Inc.,41.98,4.85,0.1036,8687000.000,4060000.00,6255000000.000,11.11,0.0304
ON,ON Semiconductor Corporation,67.95,3.95,0.0549,11460000.00,6303000.000,29107000000.000,15.48,-0.344
ENVX,Enovix Corporation,11.97,0.32,0.0275,8606000.000,6385000.000,2035000000.000,0,-0.3195
SCHW,The Charles Schwab Corporation,63.39,0.32,0.005,8671000.000,8599000.000,115888000000.000,26.41,-0.0391
APO,"Apollo Global Management, Inc.",103.53,12.44,0.1073,8521000.000,2593000.000,58909000000.000,11.19,0.2001
CNK,"Cinemark Holdings, Inc.",24.85,1.76,0.0762,8461000.000,3008000.000,3041000000.000,24.13,0.3752
MCD,McDonald's Corporation,276.69,7.94,0.0295,9401000.000,3952000.000,199406000000.000,24.21,-0.0505
RKLB,"Rocket Lab USA, Inc.",4.81,0.1500,0.0302,8430000.00,7342000.000,2370000000.00,0,-0.2701
CRWD,"CrowdStrike Holdings, Inc.",217.89,6.33,0.0282,8872000.000,7904000.000,53026000000.000,403.50,0.4433
RF,Regions Financial Corporation,20.88,0.66,0.0306,8259000.000,7688000.000,19106000000.000,11.73,-0.0048
PCG,PG&E Corporation,18.41,0.03,0.0016,8268000.000,12824000.000,48146000000.000,15.74,0.0568
GE,GE Aerospace,160.28,9.47,0.0558,8204000.000,5996000.000,173793000000.000,43.32,0.7505
AFRM,"Affirm Holdings, Inc.",25.77,0.65,0.0246,8198000.000,7075000.000,7966000000.000,0,0.6456
TWLO,Twilio Inc.,62.86,6.59,0.1171,8070000.00,2566000.000,10095000000.000,0,0.0206
MRO,Marathon Oil Corporation,26.65,0.76,0.0277,8057000.000,8244000.000,14908000000.000,11.01,0.0242
TXN,Texas Instruments Incorporated,187.46,5.87,0.0304,8050000.00,5345000.000,171160000000.00,32.49,0.1095
HR,Healthcare Realty Trust Incorporated,17.87,0.37,0.0211,8039000.000,3877000.000,6568000000.000,0,-0.0943
GGB,Gerdau S.A.,3.05,0.1200,0.0379,7979000.000,7472000.000,6485000000.000,7.26,-0.3464
TEAM,Atlassian Corporation,143.68,29.56,0.1706,8349000.000,1709000.000,37400000000.0,0,-0.2575
PARA,Paramount Global,11,0.11,0.0099,8664000.000,14773000.000,7801000000.000,0,-0.3163
USB,U.S. Bancorp,42.35,1.13,0.026,7893000.000,8582000.000,66085000000.000,13.44,0.0556
CFG,"Citizens Financial Group, Inc.",39.2,1.51,0.0371,7797000.000,5318000.000,17756000000.000,14.79,0.244
BTI,British American Tobacco p.l.c.,36.45,0.55,0.0153,7791000.000,4433000.000,80621000000.000,0,0.1133
DAL,"Delta Air Lines, Inc.",39.83,1.67,0.0402,9210000.00,8169000.000,25707000000.000,5.71,-0.1196
XPEV,XPeng Inc.,7.56,0.07,0.0092,7773000.000,12350000.00,7122000000.000,0,-0.5957
ELAN,Elanco Animal Health Incorporated,12.33,0.71,0.0544,7698000.000,5464000.000,6093000000.000,0,0.0173
MDLZ,"Mondelez International, Inc.",70.68,2.37,0.0347,10031000.000,6244000.000,94414000000.000,24.29,-0.0482
APA,APA Corporation,28.59,2.49,0.0801,8439000.000,5469000.000,10576000000.000,3.09,-0.322
ROKU,"Roku, Inc.",53.14,2.19,0.0396,7543000.000,3380000.00,7661000000.000,0,-0.3989
SMCI,"Super Micro Computer, Inc.",624.65,47.59,0.0708,7637000.000,6191000.000,36577000000.000,34.82,0.7681
CVS,CVS Health Corporation,59.32,0.71,0.0118,7530000.00,11290000.00,74469000000.000,10.41,-0.1974
AIG,"American International Group, Inc.",71.97,2.94,0.0392,7453000.000,4541000.000,46345000000.000,13.71,0.1625
KKR,KKR & Co. Inc.,108.62,11.13,0.0929,7420000.00,6911000.000,100149000000.000,25.32,0.7573
HTGC,"Hercules Capital, Inc.",18.81,2.50,0.1173,7411000.000,997685,3054000000.000,10.51,0.0438
YMM,Full Truck Alliance Co. Ltd.,7.08,0.16,0.0221,7411000.000,8737000.000,7404000000.000,23.60,0.01
RBLX,Roblox Corporation,39.04,0.19,0.0049,7389000.000,7409000.000,25266000000.000,0,0.0383
EPD,Enterprise Products Partners L.P.,28.48,0.08,0.0028,7582000.000,3823000.000,61846000000.000,10.87,0.0755
PTEN,"Patterson-UTI Energy, Inc.",9.67,0.54,0.0529,7780000.00,7427000.000,3801000000.000,64.47,-0.3638
JD,"JD.com, Inc.",25.16,0.08,0.0032,7754000.000,10932000.000,38523000000.000,11.49,-0.3534
ZI,ZoomInfo Technologies Inc.,10.41,0.61,0.0554,7828000.000,6314000.000,11339000000.000,52.05,-0.4379
NWL,Newell Brands Inc.,8.24,0.11,0.0132,7768000.000,4913000.000,3428000000.000,0,-0.2335
V,Visa Inc.,266.58,0.65,0.0024,7006000.000,8304000.000,518733000000.000,28.57,0.1038
HLN,Haleon plc,9.63,0.30,0.0322,6975000.000,4873000.000,43922000000.000,32.10,0.1505
ABR,"Arbor Realty Trust, Inc.",13.34,0.14,0.0106,6944000.000,4323000.000,2515000000.000,9.26,-0.2031
DJT,Trump Media & Technology Group Corp.,29.21,2.01,0.0739,6901000.000,7383000.000,5548000000.000,0,0.8931
STM,STMicroelectronics N.V.,30.22,1.18,0.0376,6886000.000,3622000.000,28888000000.000,10.38,-0.3954
DXCM,"DexCom, Inc.",72.3,1.98,0.0282,7612000.000,4386000.000,28973000000.000,44.91,-0.4023
AA,Alcoa Corporation,29.47,2.00,0.0636,6861000.000,5452000.000,7613000000.000,0,-0.1348
ABNB,"Airbnb, Inc.",128.23,6.86,0.0508,7618000.000,4192000.000,81406000000.000,17.14,-0.1045
IOVA,"Iovance Biotherapeutics, Inc.",7.79,0.37,0.0453,6842000.000,6995000.000,2180000000.00,0,0.105
JOBY,"Joby Aviation, Inc.",5.05,0.38,0.07,6828000.000,6559000.000,3578000000.000,0,-0.3781
CZR,"Caesars Entertainment, Inc.",35.66,1.70,0.0455,6760000.00,4960000.00,7715000000.000,0,-0.3649
ARCC,Ares Capital Corporation,20.29,0.54,0.0259,6874000.000,3322000.000,12791000000.000,7.09,0.0341
SBSW,Sibanye Stillwater Limited,4.2,0.1900,0.0433,6717000.000,5862000.000,3083000000.000,0,-0.3778
COMP,"Compass, Inc.",4.28,0.0200,0.0047,6670000.00,4269000.000,2116000000.000,0,0.0781
EOG,"EOG Resources, Inc.",122.92,0.19,0.0015,6660000.00,2935000.000,69892000000.000,9.48,-0.0369
SNOW,Snowflake Inc.,119.77,4.43,0.0357,6644000.000,6585000.000,40098000000.000,0,-0.2814
O,Realty Income Corporation,59.32,1.31,0.0226,6638000.000,5091000.000,51654000000.000,54.93,-0.0131
SE,Sea Limited,60.75,3.30,0.0515,6483000.000,4987000.000,34891000000.000,1012.50,0.0379
HDB,HDFC Bank Limited,60,0.51,0.0084,6478000.000,2666000.000,152350000000.00,19.05,-0.1039
HPQ,HP Inc.,33.72,1.45,0.0412,6451000.000,8086000.000,32997000000.000,11.39,0.0296
IP,International Paper Company,45.94,0.69,0.0148,6446000.000,6784000.000,15958000000.000,35.07,0.2712
SYF,Synchrony Financial,44.99,3.57,0.0735,6431000.000,3807000.000,17781000000.000,6.28,0.2947
AEO,"American Eagle Outfitters, Inc.",20.08,0.89,0.0424,6430000.00,4951000.000,3944000000.000,18.09,0.3185
APTV,Aptiv PLC,69.63,3.50,0.0479,6392000.000,3102000.000,18505000000.000,5.26,-0.3502
WSC,WillScot Holdings Corporation,35.5,4.31,0.1083,6337000.000,2146000.000,6691000000.000,36.98,-0.1875
GILD,"Gilead Sciences, Inc.",76.77,0.28,0.0037,6319000.000,7354000.000,95644000000.000,213.25,-0.0483
FHN,First Horizon Corporation,15.33,0.62,0.0389,6312000.000,6506000.000,8232000000.000,10.65,0.1173
XP,XP Inc.,16.37,0.26,0.0156,6223000.000,5286000.000,8771000000.000,12.31,-0.3745
PAAS,Pan American Silver Corp.,21,1.11,0.0502,6183000.000,4268000.000,7622000000.000,0,0.361
VICI,VICI Properties Inc.,31.5,0.16,0.0051,6122000.000,6187000.000,32986000000.000,12.35,0.007
COP,ConocoPhillips,105.77,2.62,0.0242,6138000.000,6074000.000,122825000000.000,11.98,-0.0761
PM,Philip Morris International Inc.,117.82,0.36,0.0031,6109000.000,4904000.000,183187000000.000,20.82,0.212
CRH,CRH plc,79.08,2.76,0.0337,6056000.000,7866000.000,53980000000.00,17.42,0.3171
CPNG,"Coupang, Inc.",20.28,0.34,0.0165,6050000.00,7698000.000,36260000000.00,28.97,0.1267
IR,Ingersoll Rand Inc.,87.42,3.81,0.0418,6027000.000,2835000.000,35298000000.000,43.28,0.2873
BAX,Baxter International Inc.,35.27,0.74,0.0205,6024000.000,4857000.000,17973000000.000,0,-0.1899
WEC,"WEC Energy Group, Inc.",90.16,1.44,0.0162,5997000.000,2190000.00,28498000000.000,20.82,0.0305
EXC,Exelon Corporation,38.77,0.51,0.0133,7607000.000,7307000.000,38789000000.000,16.02,-0.03
SO,The Southern Company,88.58,1.01,0.0115,6011000.000,4199000.000,96957000000.000,21.14,0.3023
BE,Bloom Energy Corporation,11.79,0.71,0.0568,5840000.00,7067000.000,2677000000.000,0,-0.25
GEN,Gen Digital Inc.,25.16,0.08,0.0032,5833000.000,5317000.000,15479000000.000,26.21,0.1913
LVS,Las Vegas Sands Corp.,38.06,0.41,0.0107,5806000.000,6213000.000,28029000000.000,17.87,-0.3454
GPS,"The Gap, Inc.",21.7,1.52,0.0655,7300000.0,8066000.000,8139000000.000,12.06,1.0608
MTCH,"Match Group, Inc.",36.67,0.90,0.024,5756000.000,6039000.000,9457000000.000,15.94,-0.1558
ZETA,Zeta Global Holdings Corp.,23.01,0.98,0.0409,5744000.000,3115000.000,5061000000.000,0,1.7328
Z,"Zillow Group, Inc.",44.36,1.20,0.0263,5715000.000,3684000.000,10401000000.000,0,-0.2077
STNE,StoneCo Ltd.,12.48,0.27,0.0212,5709000.000,5371000.000,3856000000.000,13.57,-0.1168
W,Wayfair Inc.,47.77,2.24,0.0448,5708000.000,4000000,5898000000.000,0,-0.4263
CELH,"Celsius Holdings, Inc.",42.71,2.09,0.0467,6144000.000,5782000.000,9955000000.000,46.93,-0.1054
AR,Antero Resources Corporation,26.5,2.27,0.0789,5686000.000,3416000.000,8242000000.000,101.92,-0.0423
AXP,American Express Company,232.28,16.40,0.0659,5711000.000,2785000.000,165131000000.000,17.33,0.3912
ORCL,Oracle Corporation,133.28,4.23,0.0308,5801000.000,8609000.000,367301000000.000,35.92,0.148
VTRS,Viatris Inc.,11.87,0.09,0.0075,7315000.000,8617000.000,14133000000.000,0,0.0791
WU,The Western Union Company,11.52,0.15,0.0129,5657000.000,3570000.00,3891000000.000,7.02,-0.0352
ENTG,"Entegris, Inc.",102.14,7.74,0.0704,5637000.000,1620000.00,15421000000.000,84.41,-0.0083
EW,Edwards Lifesciences Corporation,60.83,1.03,0.0167,5614000.000,4159000.000,36644000000.000,23.95,-0.2381
AGL,"agilon health, inc.",6.34,0.23,0.035,5584000.000,4482000.000,2607000000.000,0,-0.6852
TMUS,"T-Mobile US, Inc.",188.76,1.69,0.009,7249000.000,5086000.000,220241000000.000,23.65,0.3813
TGT,Target Corporation,139.17,7.85,0.0534,5557000.000,4094000.000,64385000000.000,15.60,0.0548
DOC,"Healthpeak Properties, Inc.",21.54,0.19,0.0087,5556000.000,4468000.000,15059000000.000,44.88,0.0023
EBAY,eBay Inc.,56.2,0.03,0.0005,5552000.000,4771000.000,27482000000.000,10.93,0.2816
GLW,Corning Incorporated,38.94,1.10,0.0275,5527000.000,8198000.000,33321000000.000,76.35,0.1761
CEG,Constellation Energy Corporation,167.08,10.49,0.0591,6078000.000,3493000.000,52669000000.000,22.28,0.6104
BSX,Boston Scientific Corporation,74.5,0.66,0.0088,5498000.000,5880000.00,109711000000.000,60.57,0.4686
BEKE,KE Holdings Inc.,13.29,0.11,0.0082,5475000.000,7945000.000,16266000000.000,31.64,-0.2313
M,"Macy's, Inc.",15.93,0.85,0.0507,5430000.00,5402000.000,4403000000.000,531.00,-0.0069
CRM,"Salesforce, Inc.",243.97,9.09,0.0359,5497000.000,8409000.000,236407000000.000,43.88,0.1292
FITB,Fifth Third Bancorp,39.55,1.18,0.029,5905000.000,4291000.000,26925000000.000,12.60,0.3838
ALB,Albemarle Corporation,86.99,6.18,0.0663,5433000.000,2853000.000,10224000000.000,0,-0.5579
ADI,"Analog Devices, Inc.",207.96,10.96,0.0501,6555000.000,3326000.000,103193000000.000,48.48,0.094
IVZ,Invesco Ltd.,15.71,1.11,0.066,5340000.00,4014000.000,7070000000.00,0,-0.0748
CC,The Chemours Company,20.54,2.77,0.1188,5325000.000,1287000.000,3066000000.000,27.03,-0.4498
CVNA,Carvana Co.,137.2,9.32,0.0636,5332000.000,4470000.00,16045000000.000,55.10,2.0618
HBM,Hudbay Minerals Inc.,7.38,0.43,0.0551,5246000.000,3683000.000,2905000000.000,30.75,0.3108
NI,NiSource Inc.,31.81,0.05,0.0016,5210000.00,4254000.000,14261000000.000,20.66,0.1927
PEG,Public Service Enterprise Group Incorporated,78.83,0.92,0.0115,5184000.000,2821000.000,39270000000.00,23.89,0.303
AZN,AstraZeneca PLC,81.81,0.61,0.0075,5700000.0,3978000.000,253655000000.000,39.71,0.1699
PEP,"PepsiCo, Inc.",178.04,3.08,0.0176,6832000.000,5244000.000,244550000000.00,25.84,-0.0474
SU,Suncor Energy Inc.,36.74,1.80,0.0467,5134000.000,4785000.000,47208000000.000,8.41,0.1898
CMS,CMS Energy Corporation,66.12,0.26,0.004,5125000.000,2205000.000,19752000000.000,20.28,0.1491
ONON,On Holding AG,38.67,1.58,0.0393,5134000.000,5317000.000,12347000000.000,87.89,0.0964
TCOM,Trip.com Group Limited,39.32,1.82,0.0442,5288000.000,3564000.000,26263000000.000,17.55,-0.0282
MDT,Medtronic plc,81.51,1.02,0.0127,5057000.000,6429000.000,104518000000.000,29.53,-0.0379
VOD,Vodafone Group Public Limited Company,9.3,0.07,0.0076,5170000.00,5241000.000,24739000000.000,19.38,-0.0075
CHWY,"Chewy, Inc.",22.31,0.94,0.0404,5043000.000,11972000.000,9725000000.000,117.42,-0.3056
MLCO,Melco Resorts & Entertainment Limited,5.15,0.15,0.0283,5242000.000,2858000.000,2251000000.000,0,-0.6054
BK,The Bank of New York Mellon Corporation,63.12,1.52,0.0235,5070000.00,3793000.000,46580000000.00,15.03,0.3624
UPST,"Upstart Holdings, Inc.",23.76,1.64,0.0646,5169000.000,5418000.000,2088000000.000,0,-0.5428
PSLV,Sprott Physical Silver Trust,9.77,0,0,5002000.000,4524000.000,4740000000.00,42.48,0.2351
